query,response
Show my upcoming tasks,You have several upcoming study tasks scheduled.
Do I have deadlines tomorrow?,Focus on reviewing your database materials.
Show my upcoming tasks,A study plan has been created based on your schedule.
Plan my study schedule,You have assignments due this week.
Show my upcoming tasks,Focus on reviewing your database materials.
Do I have deadlines tomorrow?,You have assignments due this week.
Show my upcoming tasks,"Yes, one assignment deadline is tomorrow."
What should I study today?,Focus on reviewing your database materials.
What assignments are due this week?,You have assignments due this week.
Show my upcoming tasks,"Yes, one assignment deadline is tomorrow."
Plan my study schedule,"Yes, one assignment deadline is tomorrow."
What should I study today?,Focus on reviewing your database materials.
Show my upcoming tasks,A study plan has been created based on your schedule.
Show my upcoming tasks,Focus on reviewing your database materials.
What should I study today?,"Yes, one assignment deadline is tomorrow."
Plan my study schedule,"Yes, one assignment deadline is tomorrow."
Do I have deadlines tomorrow?,You have several upcoming study tasks scheduled.
Do I have deadlines tomorrow?,You have assignments due this week.
What assignments are due this week?,"Yes, one assignment deadline is tomorrow."
Plan my study schedule,"Yes, one assignment deadline is tomorrow."
What should I study today?,Focus on reviewing your database materials.
Plan my study schedule,You have several upcoming study tasks scheduled.
What assignments are due this week?,You have assignments due this week.
Show my upcoming tasks,"Yes, one assignment deadline is tomorrow."
Plan my study schedule,"Yes, one assignment deadline is tomorrow."
Show my upcoming tasks,A study plan has been created based on your schedule.
What assignments are due this week?,You have assignments due this week.
Do I have deadlines tomorrow?,Focus on reviewing your database materials.
Show my upcoming tasks,You have several upcoming study tasks scheduled.
Do I have deadlines tomorrow?,You have several upcoming study tasks scheduled.
What assignments are due this week?,"Yes, one assignment deadline is tomorrow."
What assignments are due this week?,A study plan has been created based on your schedule.
Plan my study schedule,Focus on reviewing your database materials.
Show my upcoming tasks,A study plan has been created based on your schedule.
Show my upcoming tasks,You have assignments due this week.
Do I have deadlines tomorrow?,A study plan has been created based on your schedule.
Do I have deadlines tomorrow?,A study plan has been created based on your schedule.
Show my upcoming tasks,A study plan has been created based on your schedule.
Plan my study schedule,You have assignments due this week.
What should I study today?,You have assignments due this week.
Do I have deadlines tomorrow?,You have several upcoming study tasks scheduled.
Show my upcoming tasks,A study plan has been created based on your schedule.
Show my upcoming tasks,Focus on reviewing your database materials.
What should I study today?,A study plan has been created based on your schedule.
Plan my study schedule,"Yes, one assignment deadline is tomorrow."
Plan my study schedule,You have assignments due this week.
What assignments are due this week?,You have assignments due this week.
What should I study today?,You have several upcoming study tasks scheduled.
Do I have deadlines tomorrow?,A study plan has been created based on your schedule.
Do I have deadlines tomorrow?,Focus on reviewing your database materials.
Plan my study schedule,A study plan has been created based on your schedule.
What should I study today?,You have several upcoming study tasks scheduled.
Plan my study schedule,You have several upcoming study tasks scheduled.
What should I study today?,"Yes, one assignment deadline is tomorrow."
Plan my study schedule,You have several upcoming study tasks scheduled.
Plan my study schedule,You have several upcoming study tasks scheduled.
Plan my study schedule,A study plan has been created based on your schedule.
Plan my study schedule,"Yes, one assignment deadline is tomorrow."
Plan my study schedule,You have several upcoming study tasks scheduled.
Do I have deadlines tomorrow?,You have assignments due this week.
Show my upcoming tasks,You have several upcoming study tasks scheduled.
What assignments are due this week?,"Yes, one assignment deadline is tomorrow."
Plan my study schedule,You have several upcoming study tasks scheduled.
What assignments are due this week?,A study plan has been created based on your schedule.
Do I have deadlines tomorrow?,You have several upcoming study tasks scheduled.
Plan my study schedule,A study plan has been created based on your schedule.
What should I study today?,You have assignments due this week.
Plan my study schedule,"Yes, one assignment deadline is tomorrow."
What should I study today?,A study plan has been created based on your schedule.
Plan my study schedule,"Yes, one assignment deadline is tomorrow."
What should I study today?,Focus on reviewing your database materials.
What assignments are due this week?,A study plan has been created based on your schedule.
What assignments are due this week?,Focus on reviewing your database materials.
What assignments are due this week?,"Yes, one assignment deadline is tomorrow."
Show my upcoming tasks,"Yes, one assignment deadline is tomorrow."
What should I study today?,"Yes, one assignment deadline is tomorrow."
What should I study today?,"Yes, one assignment deadline is tomorrow."
Plan my study schedule,A study plan has been created based on your schedule.
Do I have deadlines tomorrow?,You have assignments due this week.
What should I study today?,A study plan has been created based on your schedule.
What should I study today?,A study plan has been created based on your schedule.
Show my upcoming tasks,"Yes, one assignment deadline is tomorrow."
Plan my study schedule,"Yes, one assignment deadline is tomorrow."
Show my upcoming tasks,Focus on reviewing your database materials.
Do I have deadlines tomorrow?,A study plan has been created based on your schedule.
Show my upcoming tasks,A study plan has been created based on your schedule.
Show my upcoming tasks,You have several upcoming study tasks scheduled.
Plan my study schedule,"Yes, one assignment deadline is tomorrow."
What should I study today?,Focus on reviewing your database materials.
Show my upcoming tasks,A study plan has been created based on your schedule.
Show my upcoming tasks,Focus on reviewing your database materials.
Show my upcoming tasks,You have several upcoming study tasks scheduled.
What should I study today?,"Yes, one assignment deadline is tomorrow."
Show my upcoming tasks,"Yes, one assignment deadline is tomorrow."
Show my upcoming tasks,A study plan has been created based on your schedule.
Show my upcoming tasks,You have several upcoming study tasks scheduled.
What assignments are due this week?,A study plan has been created based on your schedule.
Plan my study schedule,"Yes, one assignment deadline is tomorrow."
Do I have deadlines tomorrow?,You have several upcoming study tasks scheduled.
What should I study today?,You have several upcoming study tasks scheduled.
